word,total
bni,1822
bagus,1561
baik,1422
mudah,1136
wondr,1109
transaksi,1072
banget,860
lengkap,699
mantap,674
pakai,651
mobile,635
cepat,626
fitur,568
tampil,561
by,461
tarik,355
bayar,344
banking,332
buka,312
keren,308
tolong,300
apk,300
suka,281
top,269
bantu,268
wonder,264
menu,247
tunai,242
masuk,242
fiturnya,218
uang,213
sih,205
moga,199
simple,197
bank,191
app,189
qris,187
login,186
kartu,178
simpel,178
guna,177
saldo,177
up,170
mbanking,168
transfer,159
promo,158
mohon,150
gampang,148
butuh,145
kendala,143
coba,142
ok,137
warna,136
super,134
pokok,131
update,129
kali,129
bikin,127
praktis,126
ribet,126
kayak,122
good,122
kasih,121
rekening,120
user,118
sistem,117
nasabah,114
fresh,112
friendly,109
aman,109
mulu,108
daftar,108
eror,106
layan,106
nyaman,102
verifikasi,100
deh,99
lancar,99
the,98
best,93
nih,93
hari,91
pas,90
atm,89
depan,87
langsung,84
download,84
tingkat,84
easy,84
akses,83
muncul,83
tambah,79
jam,79
bintang,76
beli,76
dana,74
orang,74
enak,74
riwayat,71
use,71
ulang,70
mending,70
puas,69
terimakasih,69
suruh,69
ganti,68
terima,67
baru,65
sedia,65
proses,63
data,62
ewallet,62
apps,59
pindah,59
wajah,59
apa,58
oke,57
tunggu,57
susah,57
biar,56
jaring,56
keluar,56
ui,55
mutasi,55
pin,55
lot,55
selesai,54
kini,53
setor,53
pagi,52
min,52
lucu,52
sayang,52
kemarin,51
is,50
terang,49
sok,49
paham,49
maintenance,48
set,48
malam,47
kadang,46
and,46
pilih,46
sat,46
kembang,46
optimal,46
sesuai,46
saran,45
detail,45
hapus,45
beda,44
tau,43
tulis,43
sukses,43
job,43
bug,43
tim,42
tf,42
kurang,42
urgent,42
kerja,41
pasu,41
dikit,41
fun,40
isi,39
loading,39
gagal,39
e,39
cek,39
siang,38
kirim,38
banyak,37
mana,37
promonya,36
lihat,36
love,36
batas,36
banding,35
dll,34
perban,34
kecewa,34
lumayan,34
jadi,34
modern,34
password,34
nice,34
pulsa,34
blokir,34
cuman,34
lupa,34
atur,34
baca,33
bingung,33
wow,33
bangking,33
respon,33
apknya,32
otp,32
instal,32
hasil,32
biaya,32
tabung,32
repot,31
limit,31
ringan,31
nya,31
belanja,31
nama,31
notif,31
tinggal,31
token,30
tagih,30
wallet,30
kredit,30
email,30
hp,30
cocok,30
manfaat,30
didik,29
maaf,29
versi,29
notifikasi,29
juta,29
step,29
recommended,29
ktp,28
jaya,28
nomor,28
hilang,28
fiturfitur,28
desain,28
n,28
thanks,28
sempurna,28
listrik,28
fungsi,27
paksa,27
belah,27
digital,27
masalah,27
alih,27
cs,27
kode,27
tanggal,26
ku,26
investasi,26
habis,26
ubah,26
bukti,26
canggih,26
penuh,25
kelola,25
i,25
muda,25
antri,25
online,25
registrasi,24
sisa,24
senang,24
kantor,24
makan,24
upgrade,23
apl,23
alam,23
install,23
negeri,23
anak,23
sesi,23
topup,23
internet,22
harap,22
erti,22
salah,22
bilang,22
log,22
full,21
no,21
bawa,21
stabil,21
sinyal,21
maju,21
aneh,21
syarat,21
wonderful,21
minggu,21
akun,20
jelek,20
pinjam,20
masak,20
muas,20
gue,20
payah,20
halaman,20
debit,20
hambat,19
qr,19
fast,19
very,19
ribu,19
asa,19
inovasi,19
jalan,19
interface,19
history,19
kalah,19
segar,19
aktif,19
satset,18
kak,18
wifi,18
koran,18
cabang,18
via,18
bulan,18
tuju,18
eh,18
please,18
insight,18
gara,18
launching,17
rekap,17
cash,17
pasword,17
efisien,17
hidup,17
pdam,17
eye,17
overall,17
lebih,17
tapcash,17
aktivasi,17
scan,17
buru,17
sumpah,17
solusi,17
nominal,17
sulit,17
mau,16
maksimal,16
mbangking,16
informasi,16
mata,16
contoh,15
simpan,15
you,15
lapor,15
pln,15
iklan,15
rumah,15
untung,15
gratis,15
info,15
tentu,15
tahan,15
paket,15
ayo,15
minimal,15
foto,14
developer,14
dadak,14
pantau,14
wndr,14
sesal,14
bosan,14
kagak,14
admin,14
klik,14
indonesia,14
benah,14
system,14
migrasi,14
tuh,14
malu,14
kah,14
rincian,14
responsif,14
laku,14
gilir,14
tutup,14
segi,14
lelet,14
thank,14
kelas,14
ecek,14
trx,14
atas,13
semenjak,13
rekomendasi,13
gopay,13
catat,13
ambil,13
perlu,13
indak,13
doang,13
alhamdulillah,13
malas,13
catching,13
buruk,13
jenis,13
cardless,13
kocak,13
worth,13
opsi,13
langgan,13
fiturfiturnya,13
alami,13
ikut,12
duit,12
produk,12
mandiri,12
besok,12
bos,12
performa,12
warni,12
loadingnya,12
menit,12
aset,12
kesel,12
mantab,12
pemberitahuan,12
amazing,12
all,12
sering,12
semangat,12
dalam,12
lanjut,12
far,12
perhati,12
for,12
fasilitas,12
loh,12
jarang,12
genggam,11
kalang,11
ramah,11
ganguan,11
kelar,11
kualitas,11
tranfer,11
reset,11
bentar,11
better,11
tawar,11
beres,11
cari,11
otomatis,11
elegan,11
keluh,10
cicil,10
saat,10
urus,10
my,10
negara,10
mundur,10
turut,10
experience,10
mah,10
finansial,10
jaga,10
uninstal,10
yuk,10
call,10
parah,10
milik,10
save,10
virtual,10
uninstall,10
terus,10
error,10
sibuk,10
berat,10
tiket,10
mu,10
ada,10
nyuruh,9
rating,9
universitas,9
this,9
debet,9
seharihari,9
aduh,9
kece,9
customer,9
pengin,9
ter,9
pusing,9
gua,9
pasti,9
financial,9
murah,9
histori,9
great,9
livin,9
rencana,9
pribadi,9
diupdate,9
komplit,9
pasuk,9
aktivitas,9
trimakasih,9
life,9
dukung,9
an,9
a,9
mobil,9
serba,9
luncur,9
thx,9
kesini,9
cantum,9
jaman,9
smooth,9
lu,9
edit,9
cakep,9
bla,9
tibatiba,9
markotop,9
bolak,8
benarbenar,8
tari,8
handphone,8
daerah,8
mbak,8
desak,8
sila,8
nyala,8
card,8
rasa,8
lambat,8
qrisnya,8
taplus,8
kena,8
cashless,8
utama,8
busuk,8
play,8
quick,8
benar,8
more,8
jujur,8
penggunaanya,8
terkadang,8
bumn,8
berita,8
screenshot,8
ah,8
jamin,8
tunda,8
dasar,8
colorfull,8
zaman,8
rek,8
ampun,8
gaji,8
operasi,8
ux,8
nabung,8
brimo,8
tahap,8
non,8
of,8
next,8
like,8
transaction,7
kaya,7
easier,7
id,7
tampilanya,7
sekian,7
nyata,7
hubung,7
efektif,7
baharu,7
bonus,7
heran,7
melulu,7
air,7
ringkas,7
gen,7
sidik,7
appnya,7
ngebug,7
jari,7
clear,7
teman,7
ajar,7
halo,7
bravo,7
ewalet,7
mbank,7
akurat,7
kencang,7
usaha,7
minus,7
down,7
niat,7
rusak,7
sbn,7
store,7
gas,7
foodcourt,7
informatif,7
angka,7
tera,7
setortarik,7
kota,7
arah,7
privasi,7
ragu,7
diskon,7
buat,7
smart,7
sungguh,7
langkah,7
userfriendly,7
credit,7
asik,7
simponi,7
sngat,7
dear,6
input,6
l,6
gaperlu,6
design,6
wa,6
pandang,6
model,6
tonton,6
auto,6
ketimbang,6
nikmat,6
pasang,6
android,6
terupdate,6
kembali,6
muka,6
kait,6
responnya,6
layak,6
umur,6
kg,6
lamaa,6
out,6
cahaya,6
sumber,6
mesti,6
normal,6
inti,6
digunain,6
go,6
sepenuh,6
temu,6
selamat,6
gila,6
ulas,6
now,6
manual,6
pakenya,6
iya,6
telpon,6
pokoke,6
aplk,6
nomer,6
walet,6
team,6
naik,6
maksud,6
benerin,6
darurat,6
percaya,6
improve,6
koneksi,6
woy,6
berkalikali,6
ceria,6
era,6
wajib,6
urai,6
new,6
setia,6
cantik,6
how,6
mula,6
tks,6
logo,6
pesan,6
hadeh,6
matang,6
interfacenya,6
tap,6
wonderfull,6
total,6
uiux,5
kacau,5
aktivasinya,5
aplikasinyaa,5
kapai,5
link,5
payment,5
merchant,5
tangan,5
tugas,5
milenial,5
wondernya,5
rilis,5
tanda,5
can,5
bayarbayar,5
aktifitas,5
iki,5
nyesal,5
fokus,5
rugi,5
application,5
growth,5
maka,5
november,5
its,5
are,5
hemat,5
close,5
lpg,5
bisnis,5
nge,5
menggangu,5
inovatif,5
menang,5
merah,5
timbang,5
superapps,5
server,5
pegang,5
wondrfull,5
minim,5
kesal,5
antarmuka,5
cetak,5
knapa,5
monoton,5
colorful,5
biometrik,5
ditambahin,5
downgrade,5
integrasi,5
ber,5
kontrol,5
hehe,5
ingat,5
jangka,5
hai,5
abal,5
buang,5
colourful,5
hadir,5
cache,5
detik,5
dah,5
aktifasi,5
bnimobile,5
telat,5
aplikasih,5
updatenya,5
dahulu,5
support,5
recommend,5
tiada,5
cerah,5
verivikasi,5
sms,5
cinta,5
realtime,5
huruf,5
mode,5
kuota,5
biasa,5
free,5
gambar,5
segera,5
vitur,5
tampa,5
jelas,5
sandi,5
mantul,5
youtube,5
kasir,5
pikir,5
kuliah,5
face,5
safety,5
voucher,5
satu,5
much,4
erorr,4
grafis,4
ukt,4
apliksi,4
administrasi,4
verif,4
color,4
riset,4
adminnya,4
favorit,4
bawah,4
minum,4
fisik,4
alamat,4
emoney,4
asuransi,4
traksaksi,4
saing,4
senin,4
ujung,4
adakan,4
satpam,4
amanah,4
juara,4
asset,4
mobbank,4
hati,4
eyecatching,4
done,4
ukur,4
plis,4
status,4
mbaking,4
be,4
sederhana,4
reksa,4
bandung,4
rp,4
errornya,4
wondrnya,4
fiture,4
sensor,4
barusan,4
biru,4
va,4
reksadana,4
trf,4
main,4
access,4
account,4
saham,4
center,4
dekat,4
loginnya,4
rubah,4
plus,4
dompet,4
kedip,4
bodoh,4
rekomen,4
identitas,4
deposito,4
benerbener,4
lamalama,4
icon,4
feature,4
lo,4
bebas,4
memori,4
menginstal,4
recomended,4
lai,4
dplk,4
woi,4
depa,4
tolak,4
google,4
kesan,4
elegant,4
mmbantu,4
macet,4
manajemen,4
stak,4
dipakenya,4
dark,4
batu,4
gunain,4
masyarakat,4
poin,4
ngulang,4
jthari,4
bankingnya,4
poll,4
asih,4
awesome,4
dar,4
sama,4
bapuk,4
pajak,4
kadaluarsa,4
mntap,4
ponsel,4
andal,4
rinci,4
dilengkapin,4
helpfull,4
gax,4
haha,4
mateng,4
konfirmasi,4
takut,4
potong,4
print,4
jual,4
logout,4
intuitif,4
really,4
ampas,4
thankyou,4
bri,4
libur,4
work,4
wodr,4
page,4
joss,4
izin,4
padu,4
ket,4
tindak,4
beban,4
kaum,4
emosi,3
rapi,3
siap,3
jajan,3
ngadat,3
kepala,3
colourfull,3
halang,3
awam,3
aju,3
belakang,3
agam,3
finance,3
manja,3
sisi,3
perinci,3
sebab,3
unik,3
mhn,3
agen,3
anggar,3
buset,3
tidk,3
pertamina,3
boros,3
serta,3
hope,3
angsur,3
trnsaksi,3
wondrful,3
dengn,3
npa,3
alur,3
force,3
diam,3
nilai,3
memudahkn,3
trendy,3
tapenas,3
balikin,3
keluarga,3
signal,3
wajar,3
keep,3
induk,3
seribet,3
pls,3
dbuka,3
koreksi,3
colour,3
cacat,3
trasaksi,3
wondrbybni,3
time,3
betransaksi,3
cso,3
pending,3
clean,3
penting,3
alangkah,3
mbankingnya,3
luas,3
orange,3
sebar,3
sip,3
hahaha,3
okay,3
mentok,3
fee,3
dpat,3
layar,3
ratingnya,3
tampak,3
inci,3
lamawonder,3
hebat,3
saji,3
aps,3
bagi,3
ibu,3
dimensi,3
wondry,3
xxi,3
tlong,3
seringkali,3
transakasi,3
hitung,3
keteranganya,3
jambi,3
mesin,3
shopee,3
transisi,3
special,3
masukkeluar,3
wort,3
fungsional,3
fix,3
hadehh,3
review,3
faster,3
pop,3
ih,3
game,3
yes,3
extra,3
mpin,3
upload,3
cashback,3
bijak,3
yamg,3
vcn,3
situ,3
kartun,3
singkat,3
rebah,3
fitunya,3
konsumen,3
telp,3
ting,3
kategori,3
kombinasi,3
shopeepay,3
that,3
kanan,3
ready,3
happy,3
old,3
aplnya,3
real,3
amin,3
kilat,3
tida,3
apikasi,3
gagas,3
muter,3
kes,3
alas,3
bismillah,3
portofolio,3
sebal,3
have,3
as,3
will,3
seamless,3
refresh,3
but,3
mind,3
fastquick,3
used,3
bossku,3
apresiasi,3
ruang,3
fine,3
back,3
pepet,3
pandu,3
kompetitor,3
cepatt,3
goals,3
monitoring,3
express,3
btw,3
jangkau,3
serius,3
program,3
tua,3
mafia,3
ngelag,3
recap,3
multifungsi,3
jos,3
features,3
rendah,3
pbb,3
kiri,3
notifnya,3
fingerprint,3
apklikasinya,3
telkomsel,3
valid,3
jls,3
bi,3
with,3
nik,3
sangka,3
ever,3
henti,3
ide,3
hak,3
aku,3
maintance,3
lahir,3
komen,3
plat,3
interfaceuieasy,3
security,3
kepake,3
teknis,3
lagu,3
jelassss,3
ketemu,3
daily,3
promosi,3
jadiinmaumu,3
viturnya,3
korupsi,3
ritel,3
mahal,3
sambung,3
dibutuhin,3
mahasiswa,3
anjinggg,3
sampah,3
money,3
what,3
cool,3
donlot,3
tahu,3
maksa,3
request,3
playstore,3
secure,3
maluin,3
tranfers,3
ferivikasi,3
bbrapa,3
turun,3
posisi,3
besar,3
dapat,3
bangettttttttt,3
buku,3
lawak,3
khawatir,3
menarikk,2
gaya,2
smoother,2
pergi,2
handle,2
sana,2
segara,2
sanget,2
pt,2
limpah,2
commerce,2
kapasitas,2
susul,2
csnya,2
ceklis,2
gj,2
deposit,2
selfie,2
transactions,2
launcing,2
mntp,2
promosiin,2
goal,2
menuhin,2
meribetkan,2
kantorga,2
burik,2
offline,2
tengok,2
karuan,2
mantulll,2
putih,2
journey,2
chartnya,2
lacak,2
hang,2
ketik,2
siklus,2
fahami,2
loved,2
dunia,2
ribetaplikasi,2
display,2
daptar,2
dftar,2
malesin,2
pencet,2
vermuk,2
believe,2
bersih,2
musnah,2
luck,2
finger,2
sangatsangat,2
kudu,2
sia,2
ajaib,2
diuninstall,2
mengupgrade,2
mantau,2
ecommerce,2
wondrn,2
woosh,2
oktober,2
nipu,2
pay,2
paraaahhh,2
hack,2
kab,2
terusssss,2
pelit,2
apes,2
lainlain,2
merespon,2
lag,2
indomaret,2
respons,2
peran,2
jadwal,2
fitir,2
inilebih,2
trusted,2
byr,2
bnidan,2
sabar,2
business,2
toleh,2
wondrs,2
tolah,2
banyakk,2
eehh,2
stay,2
kabur,2
useful,2
keburu,2
jadul,2
luncurin,2
wonderr,2
gesit,2
me,2
gagu,2
halah,2
pdf,2
less,2
adaptive,2
cerita,2
ruwet,2
transparan,2
jengkel,2
delete,2
tanggap,2
gembel,2
operator,2
note,2
kepelabuhanan,2
kenpa,2
lola,2
uji,2
dipakek,2
users,2
anjay,2
nov,2
lain,2
kerjasamanya,2
karyawan,2
ktpnya,2
tunaifitur,2
bnicuma,2
lemah,2
jeda,2
nyamana,2
aplikasinyamudah,2
sbgi,2
modal,2
alat,2
supper,2
indah,2
mudahfitur,2
lanjur,2
klr,2
folder,2
otpnya,2
saean,2
uptransfer,2
kuat,2
cute,2
gangguang,2
samain,2
asu,2
mantabbb,2
si,2
bolakbalik,2
pokoknyaa,2
perintah,2
tidur,2
bangettampilannya,2
grandet,2
diwondr,2
perihal,2
asli,2
tol,2
babi,2
dashboard,2
aplication,2
mobille,2
sebentar,2
kondisi,2
ciamik,2
mobail,2
hadehhh,2
launchingkan,2
lamban,2
simpeltapi,2
hancur,2
servis,2
moblie,2
teknisi,2
big,2
lom,2
lamalebih,2
dieprbaiki,2
mobilebanking,2
womdr,2
grafik,2
sdang,2
sial,2
cathing,2
truss,2
rekom,2
wih,2
entar,2
apdet,2
part,2
abang,2
tahi,2
luama,2
publish,2
komunikatif,2
alfabet,2
recomend,2
pelihara,2
sore,2
wet,2
stor,2
wat,2
tool,2
periksa,2
sdngkan,2
fleksibel,2
transaski,2
bayak,2
product,2
wise,2
teks,2
instruksi,2
minat,2
kaleng,2
live,2
why,2
many,2
kelompok,2
if,2
betah,2
not,2
move,2
alias,2
jringan,2
guys,2
tingkatin,2
curi,2
jossss,2
hand,2
nemu,2
bangetzzzz,2
syuka,2
arab,2
sekaliii,2
cepettt,2
dibni,2
designnya,2
trik,2
menumenunya,2
fx,2
silver,2
gold,2
platinum,2
bagusmudah,2
button,2
moderenisasi,2
nampilin,2
dulukarena,2
sekolah,2
kembangin,2
dftr,2
woo,2
kenal,2
rada,2
aplilasi,2
apply,2
santai,2
kantong,2
ngebosenin,2
notabene,2
max,2
goodjob,2
rurut,2
usia,2
krusial,2
menganalisa,2
shop,2
mudahcukup,2
giat,2
syulit,2
anti,2
abissss,2
rahasia,2
kereeennn,2
bahaya,2
looks,2
valuta,2
asing,2
mengakomodir,2
cc,2
funbayar,2
upate,2
allah,2
platform,2
dlw,2
budget,2
superfun,2
prabayar,2
on,2
aplikasine,2
ajak,2
wooo,2
flow,2
bag,2
kala,2
menumenu,2
estetika,2
profesional,2
apik,2
sangan,2
mudahserta,2
lari,2
kuras,2
diinstal,2
navigasi,2
analisis,2
tukar,2
bangethanya,2
eksplor,2
ram,2
jayaaa,2
tips,2
wkwkwk,2
pol,2
swasta,2
topp,2
trobel,2
ngebut,2
over,2
dibandingin,2
gaess,2
minimarket,2
angkat,2
lol,2
screenshoot,2
developers,2
nyajadi,2
dulutolong,2
lagikalau,2
appsnya,2
kasihan,2
unggul,2
ngambil,2
bu,2
rumit,2
reward,2
made,2
has,2
one,2
aplikasiy,2
planning,2
manage,2
payments,2
centang,2
needed,2
siapin,2
dengar,2
agustus,2
unduh,2
telepon,2
tunaicardless,2
toloong,2
memory,2
nyangkut,2
heng,2
tipis,2
byar,2
capture,2
nonggol,2
lemots,2
pitur,2
filtur,2
rekeningriwayat,2
transaksifitur,2
donkmending,2
grade,2
alfamart,2
pisah,2
lamaini,2
camat,2
kabupaten,2
mbankin,2
donwload,2
costumer,2
ndk,2
munculin,2
bagusin,2
jangn,2
cuan,2
bae,2
lebgkap,2
lite,2
sedih,2
barang,2
star,2
bpjs,2
serasa,2
gr,2
prepare,2
applikasinyaa,2
butuhin,2
ngapa,2
strong,2
smartfren,2
open,2
dibatesin,2
rusa,2
oh,2
rekomend,2
nongol,2
mentang,2
perangkat,2
najis,2
mob,2
knpaa,2
bagustapi,2
balik,2
look,2
rame,2
anda,2
rentang,2
tbtb,2
ribett,2
well,2
penguna,2
aktivisasi,2
adaptasi,2
turutin,2
kakak,2
becus,2
wonde,2
nol,2
makenya,2
untuk,2
medan,2
sinkron,2
des,2
indihome,2
gabung,2
vcc,2
ngeleg,2
lamo,2
aplkasinya,2
excited,2
mati,2
date,2
parahhhhh,2
minimum,2
genting,2
lalod,2
mangkin,2
pokokx,2
lokasi,2
minta,2
mutu,2
mobilenya,2
publik,2
soreang,2
bobol,2
jelekk,2
gelap,2
god,2
perfect,2
barcode,2
muluk,2
diupgrade,2
majuu,2
eee,2
kecuali,2
nonaktif,2
share,2
attractive,2
seru,2
bas,2
luar,2
kreatif,2
help,2
improvement,2
ros,2
obligasi,2
kamera,2
adm,2
bayang,2
upgret,2
cust,2
jta,2
bantuanya,2
code,2
cukup,2
desember,2
menten,2
gonta,2
tele,2
jernih,2
astaga,2
tema,2
nyatolong,2
autodebit,2
tayang,2
enjoy,2
aktifasinya,2
hik,2
ramai,2
hitam,2
gede,2
bang,2
kendara,1
empire,1
worted,1
mobilekarena,1
dongmau,1
passwordtrma,1
riliskode,1
plaza,1
berulangkali,1
monochrome,1
hadeuhhh,1
baiklengkapi,1
reksadananya,1
jis,1
lahsaya,1
karanganyar,1
yaaaaa,1
acc,1
mbankinga,1
berani,1
nowsuka,1
pwoll,1
ajamasa,1
gapapa,1
seprti,1
lamaberkali,1
saking,1
mengaktifkanya,1
habisapa,1
sulitotp,1
downloadbuat,1
recent,1
sdikit,1
bisapadahal,1
madiun,1
loggin,1
management,1
susahmalah,1
mbagking,1
logginya,1
lagibintang,1
ngelagmesti,1
euy,1
daja,1
dlllebih,1
masalahharusmya,1
ganda,1
semetara,1
ahir,1
halus,1
iniga,1
lemotemail,1
sekaleee,1
apaasi,1
lamamohon,1
sita,1
domisili,1
drive,1
tingkatksn,1
barat,1
isthebest,1
themed,1
sedap,1
wonderku,1
mobilecepat,1
ayam,1
asep,1
cepatsat,1
marchant,1
pixel,1
punudah,1
cracker,1
tmksh,1
fitus,1
kenang,1
jawa,1
nyakeren,1
kabar,1
layer,1
gantung,1
transaksinyapadahal,1
iniaplikasinya,1
diangap,1
mantappss,1
iclauncherxml,1
publikasi,1
norak,1
dilihatsimple,1
mulusemoga,1
dulusemoga,1
mmuaskan,1
hasanah,1
byy,1
maaaahhhhsemoga,1
errorgagal,1
ditingkatin,1
cimaung,1
bunga,1
mendownload,1
lho,1
bentuk,1
pph,1
penuhin,1
pastix,1
loginkadang,1
modus,1
ektp,1
apaliagi,1
efek,1
capturenya,1
kenda,1
bisaaaaaaa,1
aplikasix,1
gazzz,1
sumpiuh,1
pelayananan,1
cepaatttt,1
bnyakpromo,1
bngetttttttt,1
kelipat,1
fiturfiturnyaa,1
utkvtransakai,1
bosss,1
mudahwondr,1
menarikakses,1
ringanmantap,1
entenggk,1
bangetmantabbbbb,1
casslesh,1
fress,1
kelemkapan,1
jeleekk,1
tkw,1
simphony,1
passport,1
okee,1
maaih,1
cepatmasih,1
wondrcepatt,1
apliikasinya,1
semester,1
iniapk,1
lemotlebih,1
dulupayah,1
baguslemot,1
sanga,1
kelasss,1
tops,1
memudahlan,1
funn,1
rawrrr,1
bengking,1
utuk,1
hongkong,1
tranferfitur,1
frendly,1
gajah,1
mangan,1
lebihhh,1
line,1
tag,1
sayatrims,1
handal,1
terintegras,1
ngoperasiinnya,1
aluuusss,1
movement,1
ekspetasi,1
mantaaapp,1
informatifsangat,1
gunakansimpel,1
semuga,1
mudaaa,1
mantapkeren,1
biasasangat,1
seruoperasionalnya,1
bertransakai,1
kerennnnnnn,1
rintis,1
kekininaaa,1
cepeeettt,1
mantappppaplikasinya,1
gassssss,1
bingittt,1
screnshot,1
nanas,1
ganasss,1
mumet,1
aja,1
mudahfavorit,1
sichyakin,1
mudahterimakasih,1
mks,1
praktiskedepan,1
makassar,1
pengoperasiannyadan,1
pembayarn,1
situasi,1
perbaikanbelum,1
gmailcom,1
transaksinyarecommended,1
ampek,1
ribetsalah,1
awalmana,1
ampunlabih,1
dibukaada,1
dibukasampe,1
developments,1
transkasi,1
nomernya,1
transact,1
sonic,1
danalink,1
dalih,1
lolos,1
simpleeasy,1
secapat,1
deploy,1
blu,1
belijual,1
salahsatu,1
caricari,1
katanyasampe,1
bia,1
awal,1
jiplak,1
iiiiwwww,1
aflikasi,1
mundurr,1
improvisasi,1
mabro,1
template,1
tciih,1
kedaluwarsa,1
nyampek,1
pemakaianlemot,1
pko,1
bocorsangat,1
rumahkalau,1
blablablakenapa,1
fiturfitrurnya,1
mudahmudahan,1
supporter,1
bisacoba,1
maximum,1
pengirimanketerangan,1
diketikdikirim,1
taplusnya,1
konvesional,1
transaksional,1
ribettolong,1
lengkapin,1
bxa,1
bxi,1
channel,1
spya,1
membantuuu,1
barua,1
salut,1
bnibanyak,1
detailpengeluaran,1
kemanadan,1
manakita,1
tantedownload,1
bingunglebih,1
om,1
bertranksi,1
resolusi,1
meen,1
lagibikin,1
huuu,1
kacang,1
lenyap,1
enteng,1
poto,1
berhasih,1
frame,1
backligth,1
aksesoris,1
cardles,1
emailtolong,1
gendalabener,1
transaksitransaksi,1
sblmnyanamun,1
tunjang,1
memo,1
sstabil,1
lengkapdan,1
josss,1
transaksicepat,1
bankdibank,1
terbaks,1
kecilsering,1
weeeeeeeeeeehhhh,1
matahari,1
pcma,1
srg,1
sinar,1
pnh,1
tengak,1
kipas,1
angin,1
samakin,1
cepatpraktis,1
jadiinmamumu,1
wilayah,1
sangant,1
brebes,1
transaksiterus,1
pengembnag,1
lena,1
zonk,1
louding,1
kelngkapan,1
securitynya,1
diutmakan,1
notice,1
wondrklo,1
trimakasi,1
inimakin,1
disambungin,1
staff,1
salam,1
signifikan,1
majuuuuu,1
unistall,1
nmy,1
yrus,1
deskripsi,1
hahaada,1
kereeeeeen,1
mantapppp,1
group,1
imi,1
sbgian,1
bnicepat,1
tenang,1
nyalebih,1
pojok,1
atraktif,1
ditambhkn,1
trnskai,1
simplemudahlengkap,1
ribetmantap,1
wonrd,1
cepattidak,1
sempurnaapk,1
pasbaru,1
bik,1
sekalissiiipppp,1
bcs,1
bniregistrasi,1
unothe,1
numere,1
maaciw,1
development,1
yyaa,1
wf,1
selalujadiin,1
maumubumn,1
biometriknya,1
dabest,1
type,1
highend,1
nyasangat,1
ruet,1
appk,1
estetik,1
apliksinya,1
karaktet,1
complicated,1
mantabbkita,1
looking,1
discountnya,1
suport,1
ish,1
aplikas,1
trim,1
oengeluaran,1
aplikasnya,1
merosot,1
wondrbni,1
sekalidan,1
tender,1
kertas,1
stortarik,1
ist,1
sangag,1
krtu,1
loncat,1
operasionalnyasaat,1
verifkasi,1
ruwetdaftar,1
gan,1
terbarunyawalaupun,1
box,1
developbkn,1
appsso,1
simpleproses,1
esensial,1
flexi,1
digitalisasi,1
trimksih,1
betullll,1
hapal,1
tranferss,1
gembar,1
kekinianworth,1
goog,1
beneeeer,1
beranda,1
sentuh,1
matur,1
nuwun,1
atmbaru,1
gembor,1
gerceppppp,1
kesiap,1
praktisi,1
noll,1
massa,1
memangg,1
ngirimm,1
wondrr,1
masihbelum,1
wondrin,1
woe,1
cangih,1
yaterus,1
bagaiman,1
greeaaattt,1
komplain,1
responsip,1
lamaketimbang,1
bniud,1
search,1
ribetloadingnya,1
sklisangat,1
explore,1
thumbnail,1
updte,1
kuang,1
seriap,1
futuristic,1
fastmore,1
digitalmohon,1
wortit,1
terpecaya,1
bangun,1
elegent,1
migrasiin,1
omg,1
bifastnya,1
dehlagi,1
tarifgak,1
gunakanlagi,1
sistemselalu,1
sakti,1
off,1
mikir,1
otpan,1
trobosan,1
bjrr,1
wkwk,1
interner,1
txs,1
curhat,1
kura,1
baikselalu,1
terbarumudah,1
starlink,1
bintan,1
appnyacepat,1
adaklo,1
keluarmasuk,1
datang,1
innovatif,1
kaku,1
instan,1
krgnya,1
opsion,1
tapcashnya,1
bnilayak,1
barcodeselalu,1
ngedeteksinya,1
transformasi,1
muluss,1
sunat,1
tariktunai,1
puasdan,1
linkaja,1
lambang,1
pengembangannyamasak,1
bahan,1
mnrtku,1
kitapokoknya,1
lambattolong,1
presiden,1
vrevikasi,1
visioner,1
abizzzzz,1
rupiah,1
wonndr,1
kekbalikan,1
pangkas,1
lagiitu,1
klikgak,1
lebihbdetail,1
kalkulator,1
hatus,1
seklih,1
malaysiamudahan,1
piye,1
bermanfaaat,1
pinjamanmenu,1
sebalahstor,1
kental,1
approve,1
mentalsya,1
teknologi,1
variatif,1
obigasi,1
sekunder,1
kekurangannyayaitu,1
cspromo,1
pointdsbsemoga,1
lagisukses,1
ditf,1
lencir,1
temenku,1
mnurutku,1
sejarah,1
menganggu,1
lagisetiap,1
terhambatttttpayahhhhhhh,1
lewat,1
limitpadahal,1
bayung,1
manteplebih,1
bmb,1
aplikanya,1
sena,1
manyala,1
historical,1
waaaahh,1
cepatbeda,1
teller,1
sebelahutk,1
mengeksplor,1
tinkat,1
tariksetot,1
sekolahkuliah,1
tatik,1
suek,1
mobilemantap,1
servernya,1
simpul,1
kurg,1
dulukalau,1
kotak,1
inpormasikan,1
ajatolong,1
tabungaku,1
bions,1
saudara,1
menabungmantap,1
dominasi,1
eleganttt,1
emas,1
teranggelap,1
alfa,1
lenkap,1
imuttt,1
sihselama,1
sa,1
at,1
goods,1
trimskasih,1
struknya,1
siruh,1
v,1
ery,1
terusmenghambat,1
mogamoga,1
ruas,1
acara,1
mmng,1
monitor,1
uyy,1
pembeliantolong,1
perpormanya,1
seriuslahh,1
samasama,1
wandope,1
wander,1
mdh,1
adminya,1
dasdes,1
campur,1
afk,1
mkasih,1
sayadan,1
intruksi,1
sepnajang,1
mengatahui,1
cadass,1
ribetsemoga,1
mantaaapuntuk,1
urut,1
mubazir,1
simpelldan,1
tempat,1
cepatapa,1
milenialpokoknya,1
suatemnya,1
layoutnya,1
kelompokin,1
bankxbulan,1
masalahbukan,1
peduli,1
tidak,1
toppppppp,1
wehh,1
pertahanin,1
tersinkrons,1
gel,1
monile,1
luarbiasa,1
renda,1
diaplikasikang,1
ewaletnya,1
potonganpokoknya,1
sedikitkalo,1
datanyatolong,1
always,1
bagussangat,1
telefon,1
mahu,1
dengab,1
lengakap,1
alternatif,1
tetsebut,1
bahasa,1
ketika,1
mauk,1
thebest,1
keti,1
cepattapi,1
memper,1
mudahdan,1
suskses,1
friendlybni,1
gntiin,1
purbalingga,1
bnimb,1
nye,1
lamagood,1
dllmksh,1
gercep,1
record,1
minsaran,1
lamamelesat,1
bayat,1
flashdisk,1
langkahbenar,1
databasenya,1
usegood,1
windr,1
bay,1
bertransakasi,1
transaksiapalagi,1
cocoksangat,1
pinjamanjumlah,1
apaansi,1
copy,1
bitwarden,1
sak,1
jossseee,1
interfacewondr,1
okesip,1
sreenshot,1
nambahin,1
seri,1
mantaapp,1
manager,1
simplemantaabbb,1
terinstall,1
mantavvv,1
keyboard,1
paste,1
cepattks,1
nglink,1
berkat,1
cepetmudah,1
pantastak,1
lainnyesal,1
bangeeetttt,1
donlod,1
warnawarna,1
berhasilaku,1
wonderpromonya,1
mbankingsy,1
lemottsangat,1
kemas,1
masukanmohon,1
kerenny,1
borosnyaaa,1
ez,1
aknya,1
berkah,1
promony,1
jha,1
traksasi,1
bejibum,1
saia,1
pinbuka,1
ftesh,1
market,1
custumerovo,1
uinstal,1
drivergopay,1
lucuuuuuu,1
adakami,1
driver,1
nyagopay,1
lamadi,1
aplisi,1
yukcoba,1
wooowwtampilan,1
mini,1
dihp,1
kenap,1
ngerasanya,1
pecah,1
mantappppp,1
merger,1
maumuu,1
ning,1
lebiih,1
laaah,1
pmbyaran,1
mereset,1
terlengkaptop,1
menariklebih,1
wiiihhh,1
shoppe,1
transaks,1
wifenya,1
ikd,1
unyu,1
difitur,1
superapp,1
refreshing,1
bingunng,1
mudahditunggu,1
spp,1
okeeee,1
pancen,1
muu,1
ternyta,1
interuksi,1
kereta,1
maklum,1
estatement,1
blenk,1
atraksi,1
mbngking,1
kolaborasi,1
mumgkin,1
nagus,1
tamoilan,1
mjd,1
freshselama,1
kereeeennn,1
zakat,1
semga,1
efisienwondr,1
semourna,1
varian,1
dihilangin,1
fiturenyacepat,1
digunakansukses,1
sedekah,1
mudahwondrful,1
day,1
biasabayar,1
lamaaaaa,1
bnisemakin,1
terbaekk,1
bniwondr,1
fiturnyabisa,1
penggunaanyabanyak,1
bangga,1
restart,1
transaksinyageneralist,1
surabaya,1
menayaran,1
mudahcepat,1
apllikasi,1
dibenahin,1
gagalmohon,1
dipersulitterutama,1
un,1
mobilrsekarang,1
plikadi,1
dimanapunsemakin,1
mantaps,1
bangetcuma,1
fiturmenu,1
bnimau,1
yransfer,1
tulisa,1
sang,1
amantq,1
terdahhlu,1
aware,1
mengsedih,1
jasabunga,1
ovo,1
gera,1
bermanfaatlebh,1
pokoknye,1
wondrfullbni,1
pengatifanha,1
hopefully,1
memabantu,1
okeh,1
dooonk,1
lengkapketerangan,1
fore,1
chatime,1
shortcut,1
vepat,1
berharihari,1
response,1
cozy,1
debat,1
detailmohon,1
appl,1
responsive,1
wondrjadiin,1
mudh,1
dimatengin,1
bahagia,1
eazy,1
lucubayar,1
menarikberkesan,1
khas,1
planing,1
sebelumnyasukses,1
gagaltidak,1
notecatatan,1
foodcortnya,1
dst,1
berhasilmsh,1
saranuntuk,1
dikrmbangkan,1
sehinggaseluruh,1
perbaurui,1
lebib,1
mudaah,1
prkatis,1
pcs,1
pasir,1
lunas,1
nyathx,1
get,1
batako,1
dam,1
anything,1
your,1
apksi,1
aneka,1
test,1
banyaakkkk,1
az,1
yess,1
promopromonya,1
woowsuka,1
bangetwondr,1
kerennsangat,1
khwatir,1
praktiswondrfulljadiinmaumu,1
pliturnya,1
cashflow,1
bankinglengkap,1
bablas,1
responsenya,1
dllaamiin,1
warniii,1
fiturnyatopbgt,1
mudahagar,1
ditampilanya,1
updet,1
discreenshoot,1
jatuh,1
faedah,1
sekalimenbantu,1
nangkep,1
jebak,1
sangar,1
tampjlan,1
aplkikasinyasolusi,1
transaksisayasemoga,1
takjub,1
pie,1
energik,1
djuanda,1
gap,1
pr,1
prioritasin,1
wrnanya,1
kpr,1
pemakaiany,1
apliksiny,1
kastemer,1
debitkredit,1
menariksuksesss,1
konek,1
lengkaaap,1
hariantolong,1
dahhh,1
bertransaksilebih,1
cepatmudahtampilannya,1
wajahsamoe,1
apaansusah,1
jiwa,1
hit,1
pada,1
lagiiiii,1
mantaabs,1
fiturnyaa,1
tingaktin,1
niceresponnya,1
ngisi,1
pelajarmahasiswa,1
mobilesemoga,1
lamamenyesal,1
loveee,1
tiga,1
swape,1
uu,1
bnggsst,1
service,1
ampunnn,1
aplikasinyaaa,1
lope,1
jobs,1
sbnrnya,1
dimbanking,1
noa,1
bangetttttampilan,1
pullll,1
teruske,1
yaaditunggu,1
ksulitan,1
promonyaa,1
pinjamanini,1
empat,1
errorbermasalah,1
sajalebih,1
harijeg,1
pabrik,1
competable,1
diupdte,1
terbit,1
meni,1
wondern,1
bertransaksipokoknya,1
briziflashemoneygopayshopaydana,1
semat,1
wondrwonderful,1
kalitampilan,1
monggo,1
fullcolor,1
upgradean,1
ebanking,1
side,1
name,1
expand,1
hps,1
suggests,1
goodl,1
mash,1
terakhirhanya,1
mantaplebih,1
bagusriwayat,1
aplikasiny,1
warnanyaaaa,1
reminder,1
bgtttterimakasih,1
mobapp,1
adorable,1
try,1
habus,1
taranfer,1
mudahbanyak,1
discount,1
buangeeettttttttt,1
hoax,1
dllmantap,1
gojeck,1
bngtss,1
pamakai,1
bnimobilebanking,1
aplikasihx,1
simpeldan,1
stylist,1
helpful,1
nyamilenial,1
fiturnyatapi,1
diimprove,1
rival,1
income,1
expenses,1
everyone,1
dibenerin,1
ngerepotin,1
myself,1
totally,1
people,1
around,1
uapik,1
lan,1
nyenengno,1
segwra,1
baagus,1
sihditunggu,1
cannot,1
atap,1
surplus,1
vibes,1
asil,1
rangkum,1
optimasi,1
nowsmoga,1
simplified,1
funbikin,1
ceriasuper,1
rekwning,1
menariknyajangan,1
barutampilan,1
complete,1
bertranksaksinya,1
kerren,1
kaleeeee,1
komunikasi,1
label,1
atun,1
delayotp,1
wondremang,1
utamaterus,1
barcodenya,1
bancassurance,1
bacaanya,1
tanp,1
kendaraanpbb,1
saku,1
bisnisnyajadi,1
bangeeett,1
laaahh,1
terakomodir,1
going,1
anehin,1
yaohon,1
wowaplikasi,1
nendang,1
simpledan,1
terbaiik,1
iring,1
collaboration,1
transfek,1
disaranin,1
capai,1
zat,1
bnikalau,1
accessnya,1
besttt,1
pooll,1
appikasi,1
lumayanlahtapi,1
style,1
nasional,1
zet,1
hantu,1
club,1
luv,1
tampilananya,1
been,1
minamal,1
parahsetiap,1
everydays,1
convenient,1
performnya,1
petang,1
semankin,1
warnawarni,1
tagiannya,1
menarikbanyak,1
sidikjari,1
gun,1
bangetuser,1
tanbahin,1
friendlywondr,1
already,1
became,1
senantiasa,1
biasalebih,1
chic,1
sangatttt,1
memuduhakan,1
bankin,1
penampilannyasangat,1
cepatmantabs,1
loadingan,1
perih,1
cepatmudahdesain,1
gaassgasss,1
aplikasinyafitur,1
click,1
bertansaksi,1
adajd,1
tampilanyadan,1
pintar,1
iniini,1
daftranya,1
way,1
lapak,1
sleek,1
berapa,1
temporer,1
prakris,1
flexible,1
padan,1
ringkes,1
bnerbner,1
catchingwonder,1
ajaahh,1
silinder,1
pecet,1
dahcuman,1
dinamis,1
uhhuuyyyy,1
das,1
ekala,1
approved,1
ngumpulin,1
masakini,1
asyikkk,1
appstore,1
ngontrol,1
dowonlad,1
tampilanny,1
send,1
bugerror,1
sangatt,1
lebihh,1
simpell,1
apliaksinya,1
ful,1
menggunakanya,1
makes,1
calon,1
sangatsangatyyy,1
woooww,1
terimakasihh,1
jozz,1
dipahamiterus,1
superrapssnya,1
looksnya,1
acces,1
satsetsatset,1
mbangkingsemua,1
appealing,1
bravooo,1
riah,1
kerensaran,1
beh,1
mantapsangat,1
tools,1
intuitive,1
visually,1
games,1
tariksetor,1
such,1
enter,1
dagang,1
mudahaman,1
untuktelkomsel,1
wujud,1
deecchhhhhh,1
sekaliaplikasinya,1
usernya,1
futuristik,1
some,1
improvements,1
bniblm,1
miui,1
added,1
including,1
solved,1
narrative,1
specific,1
bnikeren,1
bnikerennn,1
selesaibener,1
funkemarin,1
wondrfuldengan,1
ribetkan,1
banaaar,1
food,1
menarikfitur,1
responsifkereenn,1
mag,1
kerenbagus,1
lamawondr,1
mandirimempermudah,1
cz,1
pukau,1
inquiry,1
mantaaapppp,1
ijo,1
multipayment,1
moving,1
neon,1
yacepat,1
powerful,1
respond,1
redmi,1
nantinyamudahan,1
betulll,1
menverifikasi,1
friends,1
family,1
their,1
latar,1
easir,1
said,1
papua,1
lebing,1
bngetss,1
tong,1
ujungya,1
wondrbanking,1
kemudahantidak,1
memudahkanluar,1
muantappp,1
cpat,1
ribeett,1
kaji,1
muwondr,1
gunakanyg,1
tercatatterlewatkan,1
aplikasikalo,1
blokirtinggal,1
device,1
sebelumnyaterimkasih,1
adad,1
mobilemasih,1
praktisaman,1
lengkapdi,1
bnisangat,1
liane,1
sing,1
hlman,1
tampilane,1
tmpilan,1
registrasigak,1
lengkapai,1
ngono,1
tunggoni,1
loginbanyak,1
bangetz,1
gampangkalau,1
transaksikeuangan,1
liatnyasuper,1
create,1
kitadebet,1
hijau,1
bnikalo,1
digunakanada,1
ut,1
estement,1
cepatkereen,1
rinciandebetkredit,1
remindernya,1
wordernya,1
inovatifcongrats,1
layanaan,1
kedang,1
simplekomunikatifuser,1
kuliner,1
mantan,1
warnalucuk,1
okdan,1
dplkbni,1
masukanx,1
detikwushhh,1
quris,1
baguslucu,1
kerenmaju,1
ceperen,1
berteransaksibaik,1
hptoken,1
dlluntuk,1
ewalletketauan,1
kerenbanyak,1
misalyadirumah,1
biasax,1
kebukamkasih,1
epayment,1
konsep,1
pastnowfuturenya,1
jtribet,1
featurenya,1
jugawondr,1
kecewaaa,1
lgserta,1
mudahgood,1
terthe,1
kaco,1
menariktransaksinya,1
aplikasinnya,1
penggunaannyasuka,1
istimewa,1
innovative,1
masyarakatbravo,1
praktisbisa,1
tagiha,1
jugaketauan,1
penghasilankeren,1
apaapa,1
lapis,1
yours,1
court,1
bangetsangat,1
cepatsekarang,1
euyy,1
bnijadiin,1
usejadi,1
gesss,1
cangihmudah,1
advisor,1
teransaksi,1
anehh,1
trendi,1
ajapromonya,1
sinpel,1
dicustom,1
preferensi,1
customized,1
downlaod,1
truuus,1
tamlilan,1
komplittampilan,1
tq,1
kagum,1
cuss,1
jok,1
tunia,1
kekmana,1
diranfer,1
maintenace,1
digunaka,1
aisshhhhhhhhhhhhhh,1
loadinya,1
lavi,1
paymen,1
tra,1
nsaksi,1
tersediaa,1
dihapusin,1
semuaa,1
astagfirullah,1
ngefek,1
punya,1
tulus,1
sibuksekelas,1
becandanya,1
nutup,1
ngide,1
ee,1
biji,1
unggah,1
siiiiihhh,1
beralihndr,1
parahhhh,1
lihatmau,1
terbitin,1
adalemot,1
t,1
notifikasiperingatan,1
warteg,1
terusini,1
tersediah,1
kendal,1
kejar,1
release,1
study,1
brmo,1
jelekbagusan,1
waktu,1
bangsattklo,1
terusmending,1
nyamasih,1
prioritas,1
errorr,1
tlng,1
standar,1
galeri,1
teruuus,1
nyantah,1
knap,1
britama,1
pelayananya,1
herannnn,1
nak,1
kahir,1
ceritanyabaru,1
azbuat,1
semuatidak,1
regis,1
mobie,1
output,1
quickly,1
transfers,1
membantukarena,1
ribetapalagi,1
gaptek,1
membantubuat,1
solusinyaapalagi,1
sekalipokonya,1
terimakasiiih,1
appreciate,1
loginny,1
yaaakah,1
perasaanbaru,1
ganguaaaannn,1
gangguansekarang,1
nyagk,1
truslebih,1
mengunakan,1
ganggua,1
bankink,1
base,1
ilangbuka,1
kdu,1
kualitasnyaminimal,1
sell,1
kebukak,1
taeekstiap,1
gangguanga,1
instl,1
ksir,1
bengong,1
taaiii,1
ngetes,1
jancooook,1
lemotttseriing,1
systemklo,1
bahlulsering,1
terusmasih,1
nyawoii,1
sekarangmana,1
urgen,1
gguan,1
simpeltp,1
aksesmaintenance,1
astaghfirullah,1
bnidikit,1
gangguanmenghambat,1
transaksimana,1
lamaaa,1
mbking,1
mbeaking,1
perbaikantolong,1
biat,1
mulh,1
backend,1
biodata,1
akibat,1
berbelitbelit,1
begitumah,1
setruk,1
segeraknp,1
tersediacoba,1
tammpilan,1
gangguanpayahdan,1
keluartidak,1
meragukantolong,1
mbankingi,1
gangguanayo,1
trustolong,1
shoping,1
midnight,1
mala,1
apklikasi,1
taikkk,1
ntk,1
gangguanlelet,1
tok,1
lemottt,1
puollllll,1
transaksijadi,1
yhaa,1
lama,1
apasih,1
kaca,1
gin,1
trans,1
padang,1
diberitahu,1
pemberitahuannya,1
familiar,1
mewah,1
fungsionalitas,1
sesimple,1
huhft,1
gaiss,1
gaisss,1
exactly,1
gamechanger,1
easily,1
everything,1
need,1
place,1
loadnya,1
animasi,1
sgini,1
jumat,1
amansemoga,1
nyakebanyakan,1
serviskebanyakan,1
bisalebih,1
cupu,1
taiii,1
oon,1
dipindahin,1
belibet,1
kutat,1
ajainfonya,1
akurasi,1
tiap,1
transaksisemoga,1
tambahkansediakan,1
ataw,1
sakit,1
sea,1
highly,1
lembar,1
mibile,1
format,1
naung,1
seword,1
gong,1
bestt,1
fantastic,1
ngestuck,1
yet,1
effective,1
loginnyatks,1
kjadian,1
stres,1
dwonloadd,1
irt,1
ngirit,1
pengeluarann,1
huhu,1
imterfacenya,1
uangkebutuhan,1
klikklik,1
aseli,1
penasaran,1
nontunai,1
menyalaaa,1
inisoalnya,1
lancarengga,1
ao,1
kamprett,1
betulk,1
gacorr,1
mudahhh,1
debest,1
panik,1
nolong,1
semua,1
dbilang,1
tranksaksi,1
ngeribetin,1
jarus,1
aplikasimudah,1
cepatok,1
terilihat,1
activities,1
dsb,1
relevan,1
satsettransaksi,1
gampangbayar,1
satsetlup,1
siudah,1
temat,1
seblmnya,1
lamasetelah,1
mudahpertahankan,1
thumbs,1
kedukcapil,1
gores,1
video,1
reser,1
dolar,1
looping,1
diujicoba,1
pusingpusing,1
lancarrrr,1
jayaaaa,1
edukasi,1
analisa,1
jugafiturnya,1
pokokny,1
digunakantampilannya,1
pemulamembuat,1
sesuatuu,1
apapunn,1
lelett,1
shopping,1
buanyak,1
bangetsukses,1
maasa,1
haadehh,1
jaadi,1
maasih,1
waswas,1
raibb,1
jtharikeknya,1
shopecuman,1
dlusemenjak,1
cellular,1
historycache,1
mudahqris,1
terobos,1
kebon,1
there,1
problems,1
should,1
customers,1
suggestion,1
advice,1
kendalapastinya,1
xixi,1
goalsnya,1
convertnya,1
apeuuniii,1
doonnkkk,1
ngetrack,1
simpleuntuk,1
inipokoknya,1
lengkapcs,1
ternyatagak,1
aplikasinyaaaku,1
bills,1
incredibly,1
signup,1
process,1
was,1
hassle,1
just,1
straight,1
excellent,1
activate,1
usingwondr,1
quickseamles,1
hasslefree,1
works,1
even,1
remote,1
areas,1
network,1
solid,1
dongtransaksi,1
cant,1
annoying,1
times,1
using,1
efficient,1
sudarso,1
harga,1
breeze,1
nicee,1
bestsgt,1
punyuk,1
jgpengisian,1
listri,1
jgserta,1
keseharianya,1
complain,1
potensial,1
maks,1
transaksisaya,1
tetap,1
target,1
progres,1
uma,1
sekalifitur,1
ubtuk,1
transaksiserta,1
impressed,1
bibi,1
oiya,1
rencanain,1
whoosh,1
managing,1
cepathanya,1
menarikagar,1
ajee,1
lengkapbgt,1
cepetbgt,1
uiuxnyaa,1
visual,1
font,1
lagiaplikasinya,1
jujurly,1
initerima,1
haloooo,1
segala,1
cheap,1
sensational,1
newbie,1
sihgw,1
digi,1
episien,1
cikarang,1
yos,1
upsemua,1
sayadari,1
bruh,1
kampus,1
seta,1
seliwer,1
hackerhacker,1
mantull,1
promopromo,1
rancang,1
betultransaksi,1
bicara,1
fullcolour,1
ktm,1
taransaksi,1
wonderuntuk,1
perharisangat,1
poco,1
merestart,1
revisi,1
repott,1
menyuaahkan,1
donload,1
fitu,1
aplikasisetiap,1
menjengkelkanlebih,1
terpercayaaman,1
lagsung,1
tombol,1
dorman,1
baguslebih,1
dulumau,1
cobalimit,1
itu,1
fikturnya,1
klien,1
batal,1
bosque,1
lnjt,1
sajah,1
mundah,1
capedeh,1
didlm,1
terusmenerus,1
mengisimenarik,1
eropa,1
kayaky,1
ulasany,1
nekat,1
nyatpi,1
pek,1
kendalancustomer,1
lodingnya,1
peringata,1
alhamdulillahcukup,1
deso,1
jongkok,1
living,1
heror,1
aktipitas,1
tani,1
pelosok,1
desa,1
deech,1
nyacuman,1
terusterus,1
malahanapa,1
beta,1
flash,1
sale,1
bulandibanding,1
rutin,1
mi,1
rekrut,1
senelumnya,1
dipeduliin,1
cukuptapi,1
komentar,1
mulus,1
ngesupport,1
berikn,1
kokmasih,1
diinput,1
sekumplit,1
doongbukan,1
riweh,1
sulitharus,1
updatesdh,1
tqvm,1
ibih,1
filturnyaa,1
mantaaaaap,1
sygnya,1
malumaluin,1
soksokan,1
diinstall,1
atmbank,1
semoha,1
lamasaya,1
cuy,1
lekas,1
tunjuk,1
load,1
puyeng,1
ringgit,1
keuangantopup,1
selera,1
lamamenu,1
riweuh,1
axis,1
indosat,1
netflix,1
pervikasi,1
kitim,1
transfertop,1
yapadahal,1
gangguanmohon,1
im,1
galon,1
sihbisa,1
nyadari,1
keuanganpesan,1
jelekselalu,1
mobilega,1
hrsx,1
depanx,1
imigrasi,1
kentang,1
canbang,1
downloadpdhl,1
lamaliat,1
prepikasih,1
deteksi,1
nngak,1
recomenden,1
semuabagus,1
simpolegood,1
tingkatken,1
terpaotong,1
kenaapa,1
ginibisa,1
bangkrut,1
ewalletnya,1
nati,1
terapkankalo,1
marcet,1
tun,1
mumculkan,1
bertransaki,1
unpad,1
neko,1
pasport,1
downloadnya,1
ferfiksi,1
eroor,1
sakal,1
ardianyy,1
ajalaaah,1
ribed,1
conteng,1
kecs,1
whatsapp,1
infranya,1
speedtest,1
isp,1
seluler,1
jawab,1
lamat,1
dahtolong,1
hduhhh,1
bisabisanya,1
bocor,1
penipupadahal,1
negaratolong,1
enggk,1
solusiaplikasi,1
niklo,1
dua,1
loginmohon,1
inggin,1
recieptriwayat,1
track,1
bermasalahtim,1
banyu,1
pulang,1
jtpadahal,1
maximal,1
lawas,1
canggihbukanya,1
ngurangi,1
wordr,1
keliru,1
bankingtolong,1
mngkn,1
sayamudah,1
men,1
mpn,1
pembayrn,1
panjang,1
bakingnyattp,1
gagguan,1
yasoalnya,1
fakta,1
banksaya,1
terussssssssss,1
ppk,1
gaes,1
tipu,1
event,1
nomornyayg,1
ajmohon,1
nyeselllllll,1
babiiii,1
ditrima,1
lamalol,1
ig,1
lwbih,1
antre,1
stug,1
klopun,1
inimasak,1
imbang,1
purna,1
khususuny,1
cashlessmakasih,1
dimengertijadi,1
reklg,1
allow,1
nyedian,1
ditunjukin,1
gunakanbuat,1
brfungsi,1
mangat,1
malang,1
dlihat,1
freeholiday,1
sisip,1
sigap,1
katut,1
sumpahhh,1
haaduhhh,1
muluuuu,1
biaa,1
gift,1
cahsless,1
sbelumnya,1
institusi,1
rbu,1
sudahsudah,1
debetx,1
kebukaa,1
double,1
cermat,1
wnder,1
idpel,1
option,1
safe,1
asuu,1
pegawe,1
wowkwkw,1
kau,1
kcabang,1
wowkw,1
afiliatet,1
istar,1
lubis,1
sumatera,1
utara,1
wensor,1
master,1
siiip,1
akhirx,1
rekyg,1
bansos,1
catch,1
mantapwondr,1
nyabenar,1
mantaftp,1
pensiun,1
mager,1
ecomers,1
mudaj,1
asi,1
pemulatransaksi,1
ewalletbayar,1
pulsaecommerce,1
bangetapalagi,1
jugangebantu,1
magermager,1
diluncurkanaturan,1
diluncurkanklo,1
sesion,1
minimun,1
setting,1
terosss,1
kont,1
muk,1
bangetmana,1
operate,1
digunakanfitur,1
ajasangat,1
lomba,1
bertransaksiminusnya,1
memuaskanmemudahkan,1
bagai,1
datablanja,1
dionline,1
kbutuhan,1
lainyabest,1
meresahkanmau,1
lamaaplikasi,1
mempermudh,1
dude,1
bertransaksijni,1
ribettt,1
suliitttt,1
kadangkadang,1
baet,1
kmudgan,1
sx,1
riwayatx,1
sagat,1
hadeeh,1
upadate,1
loginaplikasi,1
katm,1
sanggup,1
casback,1
endap,1
gangguantrus,1
rabu,1
banjarmasin,1
meng,1
loginn,1
cumann,1
scen,1
h,1
mohonnn,1
cumna,1
horeeeeeeeee,1
bninya,1
berkahir,1
term,1
condition,1
reinstall,1
scamhack,1
loding,1
gadai,1
mandir,1
bulananlalu,1
mondar,1
transaksisejauh,1
kartukalau,1
bnykin,1
fturny,1
payleterny,1
layang,1
mybca,1
diharepin,1
tunaicash,1
shoopepay,1
seret,1
mumpuni,1
aksesibilitas,1
disalahin,1
fersi,1
tixah,1
cepeat,1
seeingnya,1
logintlg,1
dj,1
dongmasih,1
habisin,1
sgala,1
trlebih,1
getapps,1
sabtuahad,1
legan,1
bnisemoga,1
haloo,1
working,1
teross,1
berhasiltolong,1
diberitahukan,1
terlebihdahulu,1
akselerasi,1
plislah,1
enough,1
devoleper,1
cardlessnya,1
rekenening,1
aktiv,1
serah,1
sumbang,1
tuhape,1
tuhgood,1
lucky,1
sala,1
embel,1
wondy,1
daftarin,1
followup,1
drama,1
tara,1
kesulurahan,1
huhuu,1
barutapi,1
esteatmen,1
mhon,1
bintangx,1
taut,1
systemnya,1
bosok,1
perbaikankalo,1
aneeeh,1
maun,1
kamana,1
dngn,1
fiturny,1
plz,1
unisntall,1
servicenya,1
menabungisi,1
membinggungkan,1
amplikasi,1
ajawonde,1
diandelin,1
lhokalau,1
ganticobain,1
managemen,1
pemberitahuanya,1
teroooooooosssss,1
media,1
sosial,1
gmail,1
gangguantrobel,1
terusdisaat,1
nntk,1
trsupport,1
bendesak,1
buta,1
iniselalu,1
dulunya,1
krja,1
nihhhhaduuhhhh,1
maintence,1
nyamanpakai,1
seperti,1
ancam,1
iyaaagak,1
bisamalah,1
du,1
gueh,1
mulundk,1
ubuat,1
garcep,1
ydah,1
payroll,1
btn,1
yatidak,1
tolongggggg,1
syaa,1
bugnya,1
tangguh,1
direlease,1
dulusangat,1
appss,1
dluh,1
ambek,1
sinya,1
mulug,1
trimaksih,1
ribetsering,1
sekalisemua,1
nasabahbukanya,1
memuaskanbeda,1
ribetketika,1
barujadinya,1
norek,1
barubukan,1
lamabingung,1
merubahnyaudah,1
covernya,1
warnanyamasih,1
teliti,1
berterimakasih,1
updatetidak,1
sekwlas,1
troublecape,1
subuhk,1
batasin,1
forclose,1
gampangyes,1
gopayovo,1
tranferan,1
rbtranfernya,1
loging,1
kesinicuma,1
sajaharusnya,1
inisudah,1
mulubagusan,1
mbangki,1
gbisa,1
aplikassinya,1
yange,1
updatepada,1
optimalisasi,1
labih,1
pers,1
makasihhh,1
baking,1
kewondr,1
seeing,1
trkadang,1
sukit,1
dati,1
connect,1
rentan,1
manipulasi,1
nanggung,1
terap,1
maintanance,1
hariterganggu,1
mantainance,1
bnking,1
trsanehh,1
anime,1
gabagus,1
daritadi,1
lancarreview,1
garagara,1
nyamanmending,1
word,1
enga,1
soan,1
disituseharusnya,1
sebelumnyajd,1
pakesering,1
gangguanbuat,1
lahmalah,1
kendali,1
dedikit,1
krim,1
pante,1
ganyi,1
inibentar,1
darah,1
gangguanya,1
mutermuter,1
sekrg,1
mbangkingnya,1
minusssssssssss,1
kntl,1
gjls,1
maintenancenya,1
diarahin,1
bangetburuk,1
bukqn,1
nyusaindri,1
wondrsetelah,1
ginitrus,1
gimanaparah,1
dloading,1
maintain,1
realize,1
gangguanpada,1
mbca,1
pembaharuantolong,1
wondrtetiba,1
sistempadahal,1
dibutuhkangimana,1
mobilebukannya,1
gangguansusah,1
masukenak,1
lamaudah,1
optimalin,1
parahgak,1
rusakgangguan,1
taaaaaaaaiiiiiiiiiiiinggk,1
gajianya,1
dibutuhkanmending,1
haaaaaah,1
deghhh,1
bengkalai,1
bagussaldo,1
maff,1
lemottttttt,1
ditail,1
luluk,1
kocag,1
lemooottt,1
lancarlancar,1
kelyar,1
ti,1
gjian,1
mutar,1
trusada,1
perbaikian,1
bayargimana,1
pernh,1
aplikasienak,1
bolong,1
kloo,1
kokk,1
mulugatau,1
memding,1
kapok,1
penangananya,1
ewaler,1
drtd,1
sistemposisi,1
tlolllll,1
cafe,1
samapai,1
bangkek,1
padal,1
teroooosssss,1
nihmo,1
transfernunggu,1
mniteror,1
bisaaplikasi,1
akal,1
membuangbuang,1
qlo,1
dipahamitapi,1
vital,1
migrate,1
plisss,1
doubledouble,1
hpnya,1
tip,1
pasah,1
sebelymnya,1
condong,1
tabiat,1
nyolok,1
notifi,1
ruwetsdh,1
lum,1
simnya,1
website,1
arus,1
pastiin,1
rancu,1
marketing,1
kerendan,1
gha,1
satubni,1
nila,1
sebelumnyanasabah,1
idah,1
lagi,1
tohem,1
depelovernya,1
dibnenahin,1
pinklo,1
ngribetin,1
gunakantapi,1
kendalawaktu,1
gagaltapi,1
berkurangtolong,1
setatus,1
cet,1
bnl,1
simpletapi,1
hadiah,1
khusus,1
whastapp,1
blast,1
official,1
brand,1
sosialisasi,1
masyrakat,1
balas,1
ngabisin,1
kerjaangak,1
bangus,1
trm,1
pukimakk,1
geram,1
akuuuu,1
vidio,1
stabiltolong,1
laksana,1
progress,1
beuh,1
customernya,1
simply,1
nelpon,1
keyak,1
film,1
maslaah,1
siaplan,1
daya,1
jasa,1
ktpbuat,1
mbangkinggak,1
tebelokir,1
tujuanya,1
aplikask,1
bagusmenambah,1
tunaiyang,1
vinceroin,1
debesa,1
ajaaplikasi,1
bermutuuda,1
gangguandari,1
banyk,1
mengcover,1
bagussmoga,1
sentral,1
risih,1
kritik,1
pantesan,1
kendalaok,1
pnyahy,1
berapaaku,1
kekurangannyadan,1
dek,1
initerjadi,1
aplikasisatu,1
masiih,1
smntra,1
biometric,1
daun,1
alesanya,1
sado,1
karakter,1
samsung,1
lipat,1
markotoplah,1
transper,1
dibatasin,1
systemmohon,1
anjng,1
wondertai,1
pesawat,1
tantang,1
heyy,1
mbangkingmohon,1
terusbuat,1
nyaaplikasi,1
outterus,1
regitrasi,1
sim,1
kebukagak,1
haduuuhh,1
seksrang,1
terpake,1
punyax,1
tmnu,1
amam,1
tll,1
transferdana,1
minumum,1
alert,1
buffering,1
list,1
otw,1
plangton,1
resep,1
kraby,1
paty,1
tuan,1
crabbb,1
segitu,1
peminatsukses,1
laim,1
ex,1
kurs,1
dollar,1
sptnya,1
diperhatiin,1
gangguanpelayan,1
bagusstolong,1
costmer,1
memperkayamenambah,1
sebelumnnya,1
berarttt,1
ribetlebih,1
bold,1
mandi,1
idtouch,1
nonaktifawal,1
ajasemua,1
burukribet,1
bangetmasa,1
jugauntuk,1
inibisa,1
curiga,1
jelekkk,1
wonderaplikasinya,1
daftarudah,1
relog,1
ba,1
ci,1
tunaistor,1
toko,1
negrinyaterllu,1
ciba,1
malaysia,1
tng,1
wish,1
iming,1
terdftrberulang,1
didownlod,1
bobot,1
memang,1
fiturnysampe,1
mahasiswaanak,1
terimkasih,1
didownload,1
basic,1
diilangin,1
colok,1
case,1
settingan,1
aktifin,1
terkendalabisnis,1
edisi,1
genggamansemua,1
erorrr,1
kolep,1
nganjurin,1
trial,1
jauhhari,1
mntenence,1
kemanalikan,1
check,1
surah,1
renc,1
citra,1
chat,1
direspon,1
bisabisa,1
ahli,1
dapt,1
forma,1
meminimalisir,1
pasal,1
mmbuat,1
gerak,1
panyak,1
jugadibilangnya,1
seringg,1
bekas,1
sring,1
lalau,1
sebelumnyaini,1
doangmana,1
selulerdisuruh,1
majuhadehhplease,1
sruh,1
beresberes,1
itloading,1
subuh,1
okk,1
mintak,1
suliiiittt,1
sgra,1
trimakaih,1
kopi,1
nebak,1
apajd,1
transaksitolong,1
wondrpadahal,1
global,1
digititisasi,1
ebangking,1
kumplit,1
amasuk,1
dei,1
tanggapanya,1
kenan,1
stabilitas,1
berangan,1
angan,1
tem,1
pakbu,1
bandar,1
lampung,1
dgunakan,1
wanar,1
sorry,1
imbau,1
kenceng,1
muat,1
fancy,1
motivasi,1
loginpin,1
kontradiksi,1
brandingnya,1
bagusng,1
penggunanyamohon,1
opo,1
mogok,1
inet,1
mantance,1
payahhh,1
memuaskanbanyak,1
kanyaknya,1
susahdi,1
aplikasinyamendingan,1
pleaseecapek,1
soale,1
msukk,1
doongg,1
asuuuuuhsaya,1
cokini,1
gunakanmasa,1
trusmau,1
wonderseharian,1
kunjung,1
anjr,1
transaksihadehhhh,1
jwabanyamohon,1
smalam,1
aco,1
jamjam,1
pinjama,1
selesaisetelah,1
istilah,1
harus,1
jooss,1
bertransaksirasakan,1
jajanbayar,1
ojk,1
orangtua,1
performay,1
adug,1
bun,1
semakinn,1
pegalaman,1
aktifitasbelanja,1
ginisangat,1
tujuanmantap,1
repotrepot,1
bertransaksifitur,1
lengkaprekomend,1
tengah,1
makasihh,1
laginnya,1
mudahin,1
billingkebetulan,1
ala,1
wonderdipendaftran,1
lumanyan,1
simplegak,1
kaget,1
kuputusin,1
markotooppp,1
iconic,1
suami,1
hobi,1
huga,1
bangetlebih,1
waaahh,1
sekalisemakin,1
kualitasnyakemudahan,1
nyamanterima,1
penggunaaan,1
artikel,1
mudha,1
digunakna,1
ngemudahin,1
merchan,1
tengkyuuu,1
duduk,1
tab,1
orangorang,1
gunainnya,1
olah,1
masihlebih,1
samoe,1
trdahulu,1
dibuatbni,1
bsbiar,1
barukbnykan,1
loll,1
jellek,1
terusterpaksa,1
sementaramohon,1
samatlong,1
sgera,1
suruhny,1
msaa,1
nekan,1
tb,1
dulusewaktu,1
wif,1
mudahsaran,1
inj,1
seabank,1
level,1
hihi,1
bilik,1
sipplah,1
doyan,1
bniselain,1
lifestyle,1
kokfitur,1
digunakansangat,1
keuanganbisa,1
belanjamau,1
punbintang,1
bniyang,1
youuu,1
improving,1
masyaalllah,1
lindung,1
palai,1
memperibet,1
arih,1
masya,1
budgeting,1
reputasi,1
tracking,1
lalodnya,1
trbukanya,1
krma,1
wonge,1
ggk,1
utuh,1
troble,1
lagicoba,1
gejala,1
ssah,1
kpepet,1
jelasss,1
palikasi,1
nyeselin,1
ketimbng,1
burukmasih,1
cok,1
hectic,1
awikwok,1
aplikasiseharian,1
pembaharuanbelum,1
nyalama,1
fulltim,1
nyapengen,1
siape,1
cepetin,1
iye,1
transaksimohon,1
bankingsok,1
terossssss,1
nyasering,1
gangguancoba,1
diaksesapakh,1
mainten,1
pm,1
nyiksa,1
logut,1
otmatis,1
maah,1
womder,1
rusakkkk,1
gangguanerror,1
ajadah,1
livinbrimo,1
perbaikayan,1
tulisanya,1
maintenence,1
gkpp,1
mrnghambat,1
anehudh,1
seller,1
berjamjam,1
susahhhh,1
gabisah,1
perlunyaapknya,1
seharianawalnya,1
slesai,1
yadari,1
troubel,1
wididaaaw,1
tiiiii,1
sehariannn,1
gangguantolong,1
tang,1
mulurating,1
rendahga,1
ngelagloading,1
dibukafitur,1
plissss,1
maleeesssss,1
apkikasinya,1
bogor,1
jm,1
bermasalh,1
bis,1
nb,1
perbaikanmau,1
bisadari,1
ngotak,1
perasaasusah,1
tersediaakan,1
hapusmending,1
terussss,1
butu,1
louncing,1
sudah,1
dimna,1
jelasbanyak,1
itung,1
kegiatanmau,1
jel,1
alihin,1
bukanyapadahal,1
stabilhp,1
stabilmohon,1
aecara,1
dibukak,1
terggu,1
brothers,1
suekkkkkk,1
gangguantidak,1
jlaslama,1
bula,1
diuninstal,1
developnya,1
wonderia,1
mndr,1
digit,1
vendor,1
develop,1
mandek,1
tulisanaplikasi,1
malasahnya,1
tangung,1
pull,1
updated,1
umkm,1
njing,1
duh,1
drpgi,1
sistemnyamau,1
bangetgiliran,1
malamselama,1
installpercuma,1
wib,1
khonthol,1
donlowd,1
seenganya,1
maintenece,1
lamayg,1
inimending,1
trusan,1
dagh,1
cipta,1
smpk,1
perbaikansya,1
wondrsmpai,1
dipakaiapp,1
loginjaringan,1
muncullelet,1
sekalitolong,1
leletsupaya,1
wondrterima,1
bukaaaa,1
kendalatiap,1
muak,1
bukaa,1
trsedia,1
aplikaso,1
dipakeorng,1
binatanggoblokk,1
ogah,1
jagang,1
wris,1
mapah,1
lana,1
kacaw,1
minpadahal,1
terparahh,1
selalutapi,1
sulitmau,1
mulucoba,1
nantisistem,1
perbaikanfitur,1
mulukkk,1
tergangung,1
infoin,1
iniiii,1
perbaikanpengoptimalan,1
perbaikandri,1
bertransakasimohon,1
teruswooyyyy,1
gawat,1
kecewadari,1
komoensasi,1
ayok,1
kocakk,1
benerilah,1
ganguang,1
keperkuan,1
huh,1
oadahl,1
teruslama,1
pulih,1
hufttttt,1
kepimen,1
ganing,1
kesuen,1
gajiaan,1
pindahin,1
istirahat,1
sbgth,1
web,1
gangguaneh,1
woeknpa,1
kembaliin,1
woii,1
tolol,1
candles,1
